{"pce": 10.38, "voc": 0.62, "jsc": 20.7, "iv_curve": [0.00035000000000000005, 0.050350000000000006, 0.10035000000000001, 0.15035, 0.20035, 0.25035, 0.30035000000000006, 0.35035000000000005, 0.40035000000000004, 0.45035000000000003, 0.50035, 0.55035, 0.60035, 0.65035, 0.70035, 0.75035, 0.80035, 0.85035, 0.90035, 0.95035, 1.00035, 1.0503500000000001, 1.1003500000000002, 1.1503500000000002, 1.2003500000000003, 1.25035, 1.3003500000000001, 1.3503500000000002, 1.4003500000000002, 1.4503500000000003, 1.50035, 1.5503500000000001, 1.6003500000000002, 1.6503500000000002, 1.7003500000000003, 1.75035, 1.8003500000000001, 1.8503500000000002, 1.9003500000000002, 1.9503500000000003, 2.00035, 2.0503500000000003, 2.10035, 2.15035, 2.2003500000000003, 2.25035, 2.3003500000000003, 2.35035, 2.4003500000000004, 2.4503500000000003, 2.50035, 2.5503500000000003, 2.60035, 2.6503500000000004, 2.7003500000000003, 2.75035, 2.8003500000000003, 2.85035, 2.9003500000000004, 2.9503500000000003, 3.00035, 3.0503500000000003, 3.10035, 3.1503500000000004, 3.2003500000000003, 3.25035, 3.3003500000000003, 3.35035, 3.4003500000000004, 3.4503500000000003, 3.50035, 3.5503500000000003, 3.60035, 3.6503500000000004, 3.7003500000000003, 3.75035, 3.8003500000000003, 3.85035, 3.9003500000000004, 3.9503500000000003, 4.00035, 4.05035, 4.100350000000001, 4.15035, 4.20035, 4.25035, 4.30035, 4.350350000000001, 4.40035, 4.45035, 4.50035, 4.55035, 4.600350000000001, 4.65035, 4.70035, 4.75035, 4.800350000000001, 4.850350000000001, 4.90035, 4.95035], "quantum_efficiency": [0.025308947238198386, 0.026248457375643474, 0.02713468739354182, 0.027960539050012587, 0.028719341244602313, 0.02940494268249774, 0.030011796915348037, 0.03053503804177343, 0.03097054557732464, 0.03131499727003989, 0.03156590893478047, 0.031721660697175066, 0.03178150936566354, 0.03174558697708361, 0.03161488587710065, 0.03139123099190323, 0.031077240213460235, 0.03067627405017792, 0.03019237588258824, 0.02963020430613219, 0.028994959138423232, 0.028292302716660063, 0.027528278113882063, 0.02670922586381711, 0.025841700707710344, 0.02493238976826911, 0.02398803342188765, 0.023015349987137074, 0.02202096518165529, 0.021011347127324363, 0.019992747510759624, 0.018971149337743638, 0.017952221560583022, 0.016941280709804697, 0.015943259528569943, 0.014962682491197529, 0.014003647986947703, 0.013069816866697462, 0.012164406982705513, 0.01129019329923849, 0.010449513113007899, 0.009644275895576883, 0.00887597725350863, 0.008145716494466855, 0.007454217287294463, 0.006801850910025196, 0.006188661590771198, 0.005614393461642582, 0.00507851866466241, 0.004580266170587357, 0.00411865089631173, 0.0036925027338911595, 0.0033004951339917874, 0.0029411729185697603, 0.0026129790316040164, 0.0023142799724715454, 0.002043389693722141, 0.0017985917831518747, 0.0015781597886868552, 0.0013803755831034176, 0.0012035457034162015, 0.0010460156362319568, 0.0009061820548737275, 0.0007825030460434935, 0.0006735063926903784, 0.0005777960051503322, 0.0004940566141886463, 0.00042105685708977166, 0.0003576509013007388, 0.00030277875936538684, 0.00025546545412032627, 0.00021481919459598832, 0.00018002872110053572, 0.00015035997295383537, 0.00012515222472651575, 0.0001038138270993918, 8.58176770766726e-05, 7.069652974144911e-05, 5.803825049104023e-05, 4.7481093154801264e-05, 3.870907595472253e-05, 3.1447514244046996e-05, 2.545875661926342e-05, 2.0538159556438495e-05, 1.6510325327411812e-05, 1.322561870475998e-05, 1.0556969917478974e-05, 8.396964479823064e-06, 6.655214854903603e-06, 5.2560043741148595e-06, 4.136190332115784e-06, 3.243350617714664e-06, 2.534156516236228e-06, 1.9729533167326188e-06, 1.53052996548687e-06, 1.1830591169767023e-06, 9.111894425962045e-07, 6.992728723188643e-07, 5.347104814069306e-07, 4.074019201879182e-07]}