{"pce": 0.04, "voc": 0.54, "jsc": 10.3, "iv_curve": [10.3, 10.068799102132436, 9.837598204264872, 9.606397306397307, 9.375196408529742, 9.143995510662178, 8.912794612794613, 8.681593714927049, 8.450392817059484, 8.21919191919192, 7.987991021324356, 7.756790123456791, 7.5255892255892265, 7.294388327721662, 7.063187429854097, 6.831986531986532, 6.600785634118969, 6.369584736251403, 6.13838383838384, 5.9071829405162735, 5.67598204264871, 5.444781144781147, 5.213580246913581, 4.982379349046016, 4.751178451178451, 4.519977553310887, 4.288776655443323, 4.0575757575757585, 3.826374859708193, 3.5951739618406298, 3.3639730639730647, 3.1327721661055, 2.9015712682379355, 2.670370370370371, 2.4391694725028064, 2.2079685746352418, 1.9767676767676783, 1.7455667789001124, 1.5143658810325478, 1.2831649831649843, 1.0519640852974186, 0.820763187429855, 0.5895622895622915, 0.3583613916947257, 0.12716049382716108, 0, 0, 0, 0, 0, 0, 0, 0, 0, 0, 0, 0, 0, 0, 0, 0, 0, 0, 0, 0, 0, 0, 0, 0, 0, 0, 0, 0, 0, 0, 0, 0, 0, 0, 0, 0, 0, 0, 0, 0, 0, 0, 0, 0, 0, 0, 0, 0, 0, 0, 0, 0, 0, 0, 0], "quantum_efficiency": [0.012071493699429451, 0.012628765410350427, 0.013173096208938702, 0.013700939017363488, 0.014208768106264764, 0.01469311653261515, 0.015150613400710031, 0.01557802041818888, 0.015972267241598215, 0.016330485136500067, 0.016650038513885024, 0.016928553946016327, 0.017163946309235317, 0.017354441747287667, 0.01749859719520938, 0.017595316249854706, 0.01764386121818233, 0.01764386121818233, 0.017595316249854706, 0.01749859719520938, 0.017354441747287667, 0.017163946309235317, 0.016928553946016323, 0.016650038513885024, 0.016330485136500067, 0.015972267241598215, 0.01557802041818888, 0.015150613400710031, 0.01469311653261515, 0.014208768106264764, 0.013700939017363488, 0.013173096208938702, 0.012628765410350427, 0.012071493699429451, 0.011504812429068251, 0.010932201062174657, 0.010357052449901531, 0.009782640066945732, 0.009212087684376907, 0.008648341915304242, 0.008094148012594043, 0.007552029232150783, 0.0070242700017182965, 0.006512903055833165, 0.006019700614806387, 0.005546169601906047, 0.0050935508107839535, 0.004662821857082732, 0.00425470367634994, 0.0038696702668774134, 0.0035079613225359406, 0.0031695973583403714, 0.0028543969011719855, 0.002561995300157152, 0.0022918647055601227, 0.0020433347711748253, 0.0018156136521986937, 0.0016078088972239417, 0.00141894786781996, 0.001247997360560589, 0.0010938821525288318, 0.0009555022405431464, 0.0008317485948745739, 0.0007215172984522794, 0.0006237219910366494, 0.0005373045833242666, 0.00046124424741590306, 0.00039456472674750465, 0.00033634003992104685, 0.0002856986785812289, 0.00024182641949089845, 0.0002039678853862298, 0.00017142699833408786, 0.00014356647359724722, 0.00011980650196947296, 9.962276477258924e-05, 8.254391884998004e-05, 6.814867959302797e-05, 5.60626189305226e-05, 4.595478289135323e-05, 3.753422036070709e-05, 3.054650146854759e-05, 2.4770291084408755e-05, 2.0014030478526165e-05, 1.6112768606285996e-05, 1.2925173870683202e-05, 1.0330747740530385e-05, 8.227253317114495e-06, 6.528364865373087e-06, 5.161538432505221e-06, 4.066098909416226e-06, 3.1915351660689563e-06, 2.4959921112282967e-06, 1.9449465806229434e-06, 1.5100527312616308e-06, 1.168142000122873e-06, 9.003625636509383e-07, 6.914435086639926e-07, 5.290695028971203e-07, 4.033525524328737e-07]}